Wall time,Step,Value
1542067590.6137762,14977,0.9972968697547913
1542068167.3879514,29954,0.9974913001060486
1542068745.6430812,44931,0.9975493550300598
1542069321.5866377,59908,0.99761563539505
1542069896.644834,74885,0.997643232345581
1542070474.6871977,89862,0.9976691603660583
1542071050.7351406,104839,0.9976875185966492
1542071625.309426,119816,0.9977077841758728
1542072202.7303467,134793,0.9977238178253174
1542072777.6401358,149770,0.9977297782897949
