Wall time,Step,Value
1542067590.6137762,14977,0.9815065860748291
1542068167.3879514,29954,0.9821304678916931
1542068745.6430812,44931,0.9822593331336975
1542069321.5866377,59908,0.9823756217956543
1542069896.644834,74885,0.982388436794281
1542070474.6871977,89862,0.9824447631835938
1542071050.7351406,104839,0.9824637770652771
1542071625.309426,119816,0.9824849367141724
1542072202.7303467,134793,0.9825088977813721
1542072777.6401358,149770,0.9825188517570496
