Wall time,Step,Value
1542075559.4919043,14977,0.9718248248100281
1542076138.7512038,29954,0.9809700846672058
1542076716.7382247,44931,0.9818041920661926
1542077304.2206419,59908,0.9814343452453613
1542077899.3092127,74885,0.9819575548171997
1542078475.9518425,89862,0.9821242094039917
1542079049.3555675,104839,0.9822548627853394
1542079625.2761016,119816,0.982343316078186
1542080199.4565454,134793,0.9823782444000244
1542080774.689616,149770,0.982416570186615
1542081650.8267379,164747,0.9824202656745911
1542082211.3785152,179724,0.9824345707893372
1542082772.1478233,194701,0.9824567437171936
1542083333.580015,209678,0.9824762940406799
1542083895.377883,224655,0.9824927449226379
1542085247.4951448,239632,0.9825018644332886
1542085807.0146868,254609,0.9778764247894287
