Wall time,Step,Value
1543935263.9346912,27134,0.9995629787445068
1543936341.9265237,54268,0.9996094107627869
1543937438.8756216,81402,0.9996170997619629
1543938522.1800299,108536,0.9996199607849121
1543939603.2709277,135670,0.9996235966682434
1543940686.892259,162804,0.9996272921562195
1543941766.3195336,189938,0.9996304512023926
1543942845.885574,217072,0.9996324777603149
1543943929.9942265,244206,0.9996337294578552
1543945009.6435509,271340,0.9996352195739746
1543946088.8942444,298474,0.9996366500854492
1543947169.1268415,325608,0.9992320537567139
1543948242.429015,352742,0.9995465278625488
1543949323.205644,379876,0.9996054768562317
1543950403.4522047,407010,0.9996213316917419
1543951484.7551327,434144,0.9996278882026672
